"groupId","representativeRealPart","representativeImagPart","multiplicity","isReal"
1,"-1.294083661789626628906216335016833537623","-0.2188362540415963003374599334228881819752",1,false
2,"-1.294083661789626628906216335016833537623","0.2188362540415963003374599334228881819752",1,false
3,"-0.06423858321342326259735215725368026800019","-0.04201801609255440051106647390571632098037",1,false
4,"-0.06423858321342326259735215725368026800019","0.04201801609255440051106647390571632098037",1,false
5,"0.05604395604395604395604395604395604395604","0",1,true
6,"0.299558502380212632419993974711386691757","0",1,true
