{
	"precisionDigits":70,
	"solvePrecisionDigits":50,
	"taskData":{
		"generationDescription":"Synthetic 4-orientation task generated from known RR dyad (deterministic).",
		"G_true":[
			0.053838960853104859916,
			-0.038285483273319011496,
			0.99781540781087673712
		],
		"W1_true":[
			-0.60966477653402209078,
			0.72959883093415758405,
			0.30982964053368335761
		],
		"beta_deg":[
			0,
			35,
			-25,
			60
		],
		"alpha_deg":[
			0,
			-20,
			30,
			-40
		],
		"orientations_Ai":{
			"M1":[
				[
					1.0000000000000000000,
					0,
					0
				],
				[
					0,
					1.0000000000000000000,
					0
				],
				[
					0,
					0,
					1.0000000000000000000
				]
			],
			"M2":[
				[
					0.86175168424739826792,
					-0.49439209178767058301,
					-0.11384416662518945776
				],
				[
					0.43246592030058901124,
					0.83317628200538235710,
					-0.34465999315593935754
				],
				[
					0.26524943444866567571,
					0.24777760730441134178,
					0.93179879525741174571
				]
			],
			"M3":[
				[
					0.86216855065845690328,
					0.19479867956199434862,
					0.46767388712263942024
				],
				[
					-0.30745092369794878780,
					0.93488334288743939482,
					0.17738958455581458741
				],
				[
					-0.40266527013485270900,
					-0.29672648960365817997,
					0.86591805073847272760
				]
			],
			"M4":[
				[
					0.68739942838798395557,
					-0.72561780350122126539,
					0.030997243328011629991
				],
				[
					0.55647762097162603426,
					0.49878184259766159797,
					-0.66449178388648331210
				],
				[
					0.46670620652572452210,
					0.47402054463593091622,
					0.74665242251895439450
				]
			]
		},
		"relative_A1i":{
			"A12":[
				[
					0.86175168424739826792,
					-0.49439209178767058301,
					-0.11384416662518945776
				],
				[
					0.43246592030058901124,
					0.83317628200538235710,
					-0.34465999315593935754
				],
				[
					0.26524943444866567571,
					0.24777760730441134178,
					0.93179879525741174571
				]
			],
			"A13":[
				[
					0.86216855065845690328,
					0.19479867956199434862,
					0.46767388712263942024
				],
				[
					-0.30745092369794878780,
					0.93488334288743939482,
					0.17738958455581458741
				],
				[
					-0.40266527013485270900,
					-0.29672648960365817997,
					0.86591805073847272760
				]
			],
			"A14":[
				[
					0.68739942838798395557,
					-0.72561780350122126539,
					0.030997243328011629991
				],
				[
					0.55647762097162603426,
					0.49878184259766159797,
					-0.66449178388648331210
				],
				[
					0.46670620652572452210,
					0.47402054463593091622,
					0.74665242251895439450
				]
			]
		},
		"relativeAxisAngle":{
			"A12":{
				"phi":0.6208859301715984150627153612828118697517,
				"S":[
					0.5091805061500292582012085166297501604512,
					-0.3258184009978976743532167616484276064579,
					0.7966037796345013379133965045533075430288
				]
			},
			"A13":{
				"phi":0.5890209749951565056920354185148607437319,
				"S":[
					-0.4267108501360615582361552000779688777619,
					0.7833169595830452986993923626789763046845,
					-0.4520314051100137794872730874532814596405
				]
			},
			"A14":{
				"phi":1.085560646725554427919638271147525716600,
				"S":[
					0.6435435870010462590957045388488488406540,
					-0.2462842975347216336918927067496744460846,
					0.7247038680852031382803736703820614722736
				]
			}
		}
	},
	"centerCone":{
		"equation":"0.004097451308824727738605845619425167953277029939309006177487264992350072705692172828589173067496`67.04163517461654*x^3 + 0.006274419185791359066352406791393292833153781195006783372114656002088744993936862579905901202394`66.76693630204306*x^2*y + 0.035644652004609663665472365563206651012931397472973479325202090050169599343026703579073808964536`67.4987323844127*x*y^2 + 0.009176445182544663683939217287022172554733272863481018224347181103598700927767820083663648471068`67.37459310322329*y^3 - 0.024785294037061119444983363673742477327247199521129379774051737706091262300681238814125281202704`67.53758560068515*x^2*z - 0.007610725969074589188377085551223412925000536502173742719602875782339608502187443687458965752658`66.67773659048854*x*y*z - 0.007553714206094560799255049954354234922063273914467199571524568517010402058739634638888991345879`66.92681157607957*y^2*z + 0.023980428522974191979022969824089969016549345147711942916506914409552745859619972316766105474177`67.67939286209034*x*z^2 + 0.021325866391367932641699144329989044507878333777040127116357139984732419623857094044885201412126`67.56274087908481*y*z^2 - 0.000410382569069582396035754101401169061689935744083776529282034751100895588736819816353103004814`66.57037510570112*z^3",
		"coefficients_946_style":{
			" 3\ny":0.00917644518254466368393921728702,
			"   2\nx y":0.0356446520046096636654723655632,
			" 2\ny  z":-0.00755371420609456079925504995435,
			" 2\nx  y":0.00627441918579135906635240679139,
			"x y z":-0.00761072596907458918837708555122,
			"   2\ny z":0.0213258663913679326416991443300,
			" 3\nx":0.00409745130882472773860584561943,
			" 2\nx  z":-0.0247852940370611194449833636737,
			"   2\nx z":0.0239804285229741919790229698241,
			" 3\nz":-0.000410382569069582396035754101401
		}
	},
	"circlingCone":{
		"equation":"0.0252767547842253028458657527323867859580135289304858347594084274624908020774985162038363225095`67.87094398472641*lam^3 + 0.05294862551683075484830297920423659299484722021739240471400307178304228747375937622683680075607`67.71349381133035*lam^2*mu + 0.068505838011352450770523193942015659675385944673099025722267536223941823235322456216429130297612`67.82466919360161*lam*mu^2 + 0.032374367346140952019580312788121514991167184635076292108154288311912964233582384582225904641204`67.99048666277358*mu^3 - 0.044685204665173605391367469319010182068744357719035275988388430229799122166526778019858889386763`67.77552774147401*lam^2*nu - 0.014187110723222053257506564438192083497375077038732966453558354701423688766623173465373712239215`66.97133112715652*lam*mu*nu + 0.025214660009985209133549205392612118594878463984288557791983482115187366840815848328636035683504`67.51589816216273*mu^2*nu + 0.036449726017696462697465089688266633814577997476812267455339676368980480056624853532719418071724`67.79090741627192*lam*nu^2 + 0.032411274423876907096076204582841258708976442515029631870844117119421227589189617004569701343808`67.74640909892965*mu*nu^2 - 0.002575259968249810628444060221429708813819928206596509184159133686182544955199767496927947661767`67.17307177809823*nu^3",
		"coefficients_954_style":{
			"  3\nmu":0.0323743673461409520195803127881,
			"      2\nlam mu":0.0685058380113524507705231939420,
			"  2\nmu  nu":0.0252146600099852091335492053926,
			"   2\nlam  mu":0.0529486255168307548483029792042,
			"lam mu nu":-0.0141871107232220532575065644382,
			"     2\nmu nu":0.0324112744238769070960762045828,
			"   3\nlam":0.0252767547842253028458657527324,
			"   2\nlam  nu":-0.0446852046651736053913674693190,
			"      2\nlam nu":0.0364497260176964626974650896883,
			"  3\nnu":-0.00257525996824981062844406022143
		}
	},
	"sampling":{
		"numSampledCenterAxes":30,
		"numValidDyads":30
	},
	"dyadSamples":[
		{
			"sampleId":1,
			"G":[
				0,
				0.019369595716489359588,
				0.99981239178246823580
			],
			"W1":[
				0.61900604324909971457,
				-0.75685218470548024595,
				-0.20977675974148162857
			],
			"residuals_925":[
				0.e-51,
				0.e-51,
				0.e-50
			],
			"maxResidual":0.e-50,
			"centerConeResidual":0.e-53,
			"circlingConeResidual":0.e-51
		},
		{
			"sampleId":2,
			"G":[
				0.0014209953410267842690,
				0.017762441762834803363,
				0.99984122561277832230
			],
			"W1":[
				0.61890421765072500424,
				-0.75624348298651739324,
				-0.21225777680585696294
			],
			"residuals_925":[
				0.e-49,
				0.e-49,
				0.e-49
			],
			"maxResidual":0.e-49,
			"centerConeResidual":0.e-52,
			"circlingConeResidual":0.e-50
		},
		{
			"sampleId":3,
			"G":[
				0.0017043035782436039953,
				-0.021303794728045049941,
				-0.99977159575549980014
			],